Model,Jaccard,F1score,Accuracy
KNN,0.45248974,0.55190599,0.62797362
NeuralNetwork,0.47352767,0.56673884,0.64610113
DecisionTree,0.48504456,0.57183438,0.63873684